"country","date","type","total_cases"
"Nigeria",2020-01-22,"confirmed",0
"Nigeria",2020-01-23,"confirmed",0
"Nigeria",2020-01-24,"confirmed",0
"Nigeria",2020-01-25,"confirmed",0
"Nigeria",2020-01-26,"confirmed",0
"Nigeria",2020-01-27,"confirmed",0
"Nigeria",2020-01-28,"confirmed",0
"Nigeria",2020-01-29,"confirmed",0
"Nigeria",2020-01-30,"confirmed",0
"Nigeria",2020-01-31,"confirmed",0
"Nigeria",2020-02-01,"confirmed",0
"Nigeria",2020-02-02,"confirmed",0
"Nigeria",2020-02-03,"confirmed",0
"Nigeria",2020-02-04,"confirmed",0
"Nigeria",2020-02-05,"confirmed",0
"Nigeria",2020-02-06,"confirmed",0
"Nigeria",2020-02-07,"confirmed",0
"Nigeria",2020-02-08,"confirmed",0
"Nigeria",2020-02-09,"confirmed",0
"Nigeria",2020-02-10,"confirmed",0
"Nigeria",2020-02-11,"confirmed",0
"Nigeria",2020-02-12,"confirmed",0
"Nigeria",2020-02-13,"confirmed",0
"Nigeria",2020-02-14,"confirmed",0
"Nigeria",2020-02-15,"confirmed",0
"Nigeria",2020-02-16,"confirmed",0
"Nigeria",2020-02-17,"confirmed",0
"Nigeria",2020-02-18,"confirmed",0
"Nigeria",2020-02-19,"confirmed",0
"Nigeria",2020-02-20,"confirmed",0
"Nigeria",2020-02-21,"confirmed",0
"Nigeria",2020-02-22,"confirmed",0
"Nigeria",2020-02-23,"confirmed",0
"Nigeria",2020-02-24,"confirmed",0
"Nigeria",2020-02-25,"confirmed",0
"Nigeria",2020-02-26,"confirmed",0
"Nigeria",2020-02-27,"confirmed",0
"Nigeria",2020-02-28,"confirmed",1
"Nigeria",2020-02-29,"confirmed",1
"Nigeria",2020-03-01,"confirmed",1
"Nigeria",2020-03-02,"confirmed",1
"Nigeria",2020-03-03,"confirmed",1
"Nigeria",2020-03-04,"confirmed",1
"Nigeria",2020-03-05,"confirmed",1
"Nigeria",2020-03-06,"confirmed",1
"Nigeria",2020-03-07,"confirmed",1
"Nigeria",2020-03-08,"confirmed",1
"Nigeria",2020-03-09,"confirmed",2
"Nigeria",2020-03-10,"confirmed",2
"Nigeria",2020-03-11,"confirmed",2
"Nigeria",2020-03-12,"confirmed",2
"Nigeria",2020-03-13,"confirmed",2
"Nigeria",2020-03-14,"confirmed",2
"Nigeria",2020-03-15,"confirmed",2
"Nigeria",2020-03-16,"confirmed",2
"Nigeria",2020-03-17,"confirmed",3
"Nigeria",2020-03-18,"confirmed",8
"Nigeria",2020-03-19,"confirmed",8
"Nigeria",2020-03-20,"confirmed",12
"Nigeria",2020-03-21,"confirmed",22
"Nigeria",2020-03-22,"confirmed",30
"Nigeria",2020-03-23,"confirmed",40
"Nigeria",2020-03-24,"confirmed",44
"Nigeria",2020-03-25,"confirmed",51
"Nigeria",2020-03-26,"confirmed",65
"Nigeria",2020-03-27,"confirmed",70
"Nigeria",2020-03-28,"confirmed",89
"Nigeria",2020-03-29,"confirmed",111
"Nigeria",2020-03-30,"confirmed",131
"Nigeria",2020-03-31,"confirmed",135
"Nigeria",2020-04-01,"confirmed",174
"Nigeria",2020-04-02,"confirmed",184
"Nigeria",2020-04-03,"confirmed",210
"Nigeria",2020-04-04,"confirmed",214
"Nigeria",2020-04-05,"confirmed",232
"Nigeria",2020-04-06,"confirmed",238
"Nigeria",2020-04-07,"confirmed",254
"Nigeria",2020-04-08,"confirmed",276
"Nigeria",2020-04-09,"confirmed",288
"Nigeria",2020-04-10,"confirmed",305
"Nigeria",2020-04-11,"confirmed",318
"Nigeria",2020-04-12,"confirmed",323
"Nigeria",2020-04-13,"confirmed",343
"Nigeria",2020-04-14,"confirmed",373
"Nigeria",2020-04-15,"confirmed",407
"Nigeria",2020-04-16,"confirmed",442
"Nigeria",2020-04-17,"confirmed",493
"Nigeria",2020-04-18,"confirmed",542
"Nigeria",2020-04-19,"confirmed",627
"Nigeria",2020-04-20,"confirmed",665
"Nigeria",2020-04-21,"confirmed",665
"Nigeria",2020-04-22,"confirmed",873
"Nigeria",2020-04-23,"confirmed",981
"Nigeria",2020-04-24,"confirmed",1095
"Nigeria",2020-04-25,"confirmed",1182
"Nigeria",2020-04-26,"confirmed",1273
"Nigeria",2020-04-27,"confirmed",1337
"Nigeria",2020-04-28,"confirmed",1532
"Nigeria",2020-04-29,"confirmed",1728
"Nigeria",2020-04-30,"confirmed",1932
"Nigeria",2020-05-01,"confirmed",2170
"Nigeria",2020-05-02,"confirmed",2388
"Nigeria",2020-05-03,"confirmed",2558
"Nigeria",2020-05-04,"confirmed",2802
"Nigeria",2020-05-05,"confirmed",2950
"Nigeria",2020-05-06,"confirmed",3145
"Nigeria",2020-05-07,"confirmed",3526
"Nigeria",2020-05-08,"confirmed",3912
"Nigeria",2020-05-09,"confirmed",4151
"Nigeria",2020-05-10,"confirmed",4399
"Nigeria",2020-05-11,"confirmed",4641
"Nigeria",2020-05-12,"confirmed",4787
"Nigeria",2020-05-13,"confirmed",4971
"Nigeria",2020-05-14,"confirmed",5162
"Nigeria",2020-05-15,"confirmed",5450
"Nigeria",2020-05-16,"confirmed",5621
"Nigeria",2020-05-17,"confirmed",5959
"Nigeria",2020-05-18,"confirmed",6175
"Nigeria",2020-05-19,"confirmed",6401
"Nigeria",2020-05-20,"confirmed",6677
"Nigeria",2020-05-21,"confirmed",7016
"Nigeria",2020-05-22,"confirmed",7261
"Nigeria",2020-05-23,"confirmed",7526
"Nigeria",2020-05-24,"confirmed",7839
"Nigeria",2020-05-25,"confirmed",8068
"Nigeria",2020-05-26,"confirmed",8344
"Nigeria",2020-05-27,"confirmed",8733
"Nigeria",2020-05-28,"confirmed",8915
"Nigeria",2020-05-29,"confirmed",9302
"Nigeria",2020-05-30,"confirmed",9855
"Nigeria",2020-05-31,"confirmed",10162
"Nigeria",2020-06-01,"confirmed",10578
"Nigeria",2020-06-02,"confirmed",10819
"Nigeria",2020-06-03,"confirmed",11166
"Nigeria",2020-06-04,"confirmed",11516
"Nigeria",2020-06-05,"confirmed",11844
"Nigeria",2020-06-06,"confirmed",12233
"Nigeria",2020-06-07,"confirmed",12486
"Nigeria",2020-06-08,"confirmed",12801
"Nigeria",2020-06-09,"confirmed",13464
"Nigeria",2020-06-10,"confirmed",13873
"Nigeria",2020-06-11,"confirmed",14554
"Nigeria",2020-06-12,"confirmed",15181
"Nigeria",2020-06-13,"confirmed",15682
"Nigeria",2020-06-14,"confirmed",16085
"Nigeria",2020-06-15,"confirmed",16658
"Nigeria",2020-06-16,"confirmed",17148
"Nigeria",2020-06-17,"confirmed",17735
"Nigeria",2020-06-18,"confirmed",18480
"Nigeria",2020-06-19,"confirmed",19147
"Nigeria",2020-06-20,"confirmed",19808
"Nigeria",2020-06-21,"confirmed",20244
"Nigeria",2020-06-22,"confirmed",20919
"Nigeria",2020-06-23,"confirmed",21371
"Nigeria",2020-06-24,"confirmed",22020
"Nigeria",2020-06-25,"confirmed",22614
"Nigeria",2020-06-26,"confirmed",23298
"Nigeria",2020-06-27,"confirmed",24077
"Nigeria",2020-06-28,"confirmed",24567
"Nigeria",2020-06-29,"confirmed",25133
"Nigeria",2020-06-30,"confirmed",25694
"Nigeria",2020-07-01,"confirmed",26484
"Nigeria",2020-07-02,"confirmed",27110
"Nigeria",2020-07-03,"confirmed",27564
"Nigeria",2020-07-04,"confirmed",28167
"Nigeria",2020-07-05,"confirmed",28711
"Nigeria",2020-07-06,"confirmed",29286
"Nigeria",2020-07-07,"confirmed",29789
"Nigeria",2020-07-08,"confirmed",30249
"Nigeria",2020-07-09,"confirmed",30748
"Nigeria",2020-07-10,"confirmed",31323
"Nigeria",2020-07-11,"confirmed",31987
"Nigeria",2020-07-12,"confirmed",32558
"Nigeria",2020-07-13,"confirmed",33153
"Nigeria",2020-07-14,"confirmed",33616
"Nigeria",2020-07-15,"confirmed",34259
"Nigeria",2020-07-16,"confirmed",34854
"Nigeria",2020-07-17,"confirmed",35454
"Nigeria",2020-07-18,"confirmed",36107
"Nigeria",2020-07-19,"confirmed",36663
"Nigeria",2020-07-20,"confirmed",37225
"Nigeria",2020-07-21,"confirmed",37801
"Nigeria",2020-07-22,"confirmed",38344
"Nigeria",2020-07-23,"confirmed",38948
"Nigeria",2020-07-24,"confirmed",39539
"Nigeria",2020-07-25,"confirmed",39977
"Nigeria",2020-07-26,"confirmed",40532
"Nigeria",2020-07-27,"confirmed",41180
"Nigeria",2020-07-28,"confirmed",41804
"Nigeria",2020-07-29,"confirmed",42208
"Nigeria",2020-07-30,"confirmed",42689
"Nigeria",2020-07-31,"confirmed",43151
"Nigeria",2020-08-01,"confirmed",43537
"Nigeria",2020-08-02,"confirmed",43841
"Nigeria",2020-08-03,"confirmed",44129
"Nigeria",2020-08-04,"confirmed",44433
"Nigeria",2020-08-05,"confirmed",44890
"Nigeria",2020-08-06,"confirmed",45244
"Nigeria",2020-08-07,"confirmed",45687
"Nigeria",2020-08-08,"confirmed",46140
"Nigeria",2020-08-09,"confirmed",46577
"Nigeria",2020-08-10,"confirmed",46867
"Nigeria",2020-08-11,"confirmed",47290
"Nigeria",2020-08-12,"confirmed",47743
"Nigeria",2020-08-13,"confirmed",48116
"Nigeria",2020-08-14,"confirmed",48445
"Nigeria",2020-08-15,"confirmed",48770
"Nigeria",2020-08-16,"confirmed",49068
"Nigeria",2020-08-17,"confirmed",49485
"Nigeria",2020-08-18,"confirmed",49895
"Nigeria",2020-08-19,"confirmed",50488
"Nigeria",2020-08-20,"confirmed",50964
"Nigeria",2020-08-21,"confirmed",51304
"Nigeria",2020-08-22,"confirmed",51905
"Nigeria",2020-08-23,"confirmed",52227
"Nigeria",2020-08-24,"confirmed",52548
"Nigeria",2020-08-25,"confirmed",52800
"Nigeria",2020-08-26,"confirmed",53021
"Nigeria",2020-08-27,"confirmed",53317
"Nigeria",2020-08-28,"confirmed",53477
"Nigeria",2020-08-29,"confirmed",53727
"Nigeria",2020-08-30,"confirmed",53865
"Nigeria",2020-08-31,"confirmed",54008
"Nigeria",2020-09-01,"confirmed",54247
"Nigeria",2020-09-02,"confirmed",54463
"Nigeria",2020-09-03,"confirmed",54588
"Nigeria",2020-09-04,"confirmed",54743
"Nigeria",2020-09-05,"confirmed",54905
"Nigeria",2020-09-06,"confirmed",55005
"Nigeria",2020-09-07,"confirmed",55160
"Nigeria",2020-09-08,"confirmed",55456
"Nigeria",2020-09-09,"confirmed",55632
"Nigeria",2020-09-10,"confirmed",55829
"Nigeria",2020-09-11,"confirmed",56017
"Nigeria",2020-09-12,"confirmed",56177
"Nigeria",2020-09-13,"confirmed",56256
"Nigeria",2020-09-14,"confirmed",56388
"Nigeria",2020-09-15,"confirmed",56478
"Nigeria",2020-09-16,"confirmed",56604
"Nigeria",2020-09-17,"confirmed",56735
"Nigeria",2020-09-18,"confirmed",56956
"Nigeria",2020-09-19,"confirmed",57145
"Nigeria",2020-09-20,"confirmed",57242
"Nigeria",2020-09-21,"confirmed",57437
"Nigeria",2020-09-22,"confirmed",57613
"Nigeria",2020-09-23,"confirmed",57724
"Nigeria",2020-09-24,"confirmed",57849
"Nigeria",2020-09-25,"confirmed",58062
"Nigeria",2020-09-26,"confirmed",58198
"Nigeria",2020-09-27,"confirmed",58324
"Nigeria",2020-09-28,"confirmed",58460
"Nigeria",2020-09-29,"confirmed",58647
"Nigeria",2020-09-30,"confirmed",58848
"Nigeria",2020-10-01,"confirmed",59001
"Nigeria",2020-10-02,"confirmed",59127
"Nigeria",2020-10-03,"confirmed",59287
"Nigeria",2020-10-04,"confirmed",59345
"Nigeria",2020-10-05,"confirmed",59465
"Nigeria",2020-10-06,"confirmed",59583
"Nigeria",2020-10-07,"confirmed",59738
"Nigeria",2020-10-08,"confirmed",59841
"Nigeria",2020-10-09,"confirmed",59992
"Nigeria",2020-10-10,"confirmed",60103
"Nigeria",2020-10-11,"confirmed",60266
"Nigeria",2020-10-12,"confirmed",60430
"Nigeria",2020-10-13,"confirmed",60655
"Nigeria",2020-10-14,"confirmed",60834
"Nigeria",2020-10-15,"confirmed",60982
"Nigeria",2020-10-16,"confirmed",61194
"Nigeria",2020-10-17,"confirmed",61307
"Nigeria",2020-10-18,"confirmed",61440
"Nigeria",2020-10-19,"confirmed",61558
"Nigeria",2020-10-20,"confirmed",61630
"Nigeria",2020-10-21,"confirmed",61667
"Nigeria",2020-10-22,"confirmed",61805
"Nigeria",2020-10-23,"confirmed",61882
"Nigeria",2020-10-24,"confirmed",61930
"Nigeria",2020-10-25,"confirmed",61992
"Nigeria",2020-10-26,"confirmed",62111
"Nigeria",2020-10-27,"confirmed",62224
"Nigeria",2020-10-28,"confirmed",62371
"Nigeria",2020-10-29,"confirmed",62521
"Nigeria",2020-10-30,"confirmed",62691
"Nigeria",2020-10-31,"confirmed",62853
"Nigeria",2020-11-01,"confirmed",62964
"Nigeria",2020-11-02,"confirmed",63036
"Nigeria",2020-11-03,"confirmed",63173
"Nigeria",2020-11-04,"confirmed",63328
"Nigeria",2020-11-05,"confirmed",63508
"Nigeria",2020-11-06,"confirmed",63731
"Nigeria",2020-11-07,"confirmed",63790
"Nigeria",2020-11-08,"confirmed",64090
"Nigeria",2020-11-09,"confirmed",64184
"Nigeria",2020-11-10,"confirmed",64336
"Nigeria",2020-11-11,"confirmed",64516
"Nigeria",2020-11-12,"confirmed",64728
"Nigeria",2020-11-13,"confirmed",64884
"Nigeria",2020-11-14,"confirmed",64996
"Nigeria",2020-11-15,"confirmed",65148
"Nigeria",2020-11-16,"confirmed",65305
"Nigeria",2020-11-17,"confirmed",65457
"Nigeria",2020-11-18,"confirmed",65693
"Nigeria",2020-11-19,"confirmed",65839
"Nigeria",2020-11-20,"confirmed",65982
"Nigeria",2020-11-21,"confirmed",66228
"Nigeria",2020-11-22,"confirmed",66383
"Nigeria",2020-11-23,"confirmed",66439
"Nigeria",2020-11-24,"confirmed",66607
"Nigeria",2020-11-25,"confirmed",66805
"Nigeria",2020-11-26,"confirmed",66974
"Nigeria",2020-11-27,"confirmed",67220
"Nigeria",2020-11-28,"confirmed",67330
"Nigeria",2020-11-29,"confirmed",67412
"Nigeria",2020-11-30,"confirmed",67557
"Nigeria",2020-12-01,"confirmed",67838
"Nigeria",2020-12-02,"confirmed",67960
"Nigeria",2020-12-03,"confirmed",68303
"Nigeria",2020-12-04,"confirmed",68627
"Nigeria",2020-12-05,"confirmed",68937
"Nigeria",2020-12-06,"confirmed",69255
"Nigeria",2020-12-07,"confirmed",69645
"Nigeria",2020-12-08,"confirmed",70195
"Nigeria",2020-12-09,"confirmed",70669
"Nigeria",2020-12-10,"confirmed",71344
"Nigeria",2020-12-11,"confirmed",72140
"Nigeria",2020-12-12,"confirmed",72757
"Nigeria",2020-12-13,"confirmed",73175
"Nigeria",2020-12-14,"confirmed",73374
"Nigeria",2020-12-15,"confirmed",74132
"Nigeria",2020-12-16,"confirmed",75062
"Nigeria",2020-12-17,"confirmed",76207
"Nigeria",2020-12-18,"confirmed",77013
"Nigeria",2020-12-19,"confirmed",77933
"Nigeria",2020-12-20,"confirmed",78434
"Nigeria",2020-12-21,"confirmed",78790
"Nigeria",2020-12-22,"confirmed",79789
"Nigeria",2020-12-23,"confirmed",80922
"Nigeria",2020-12-24,"confirmed",81963
"Nigeria",2020-12-25,"confirmed",82747
"Nigeria",2020-12-26,"confirmed",83576
"Nigeria",2020-12-27,"confirmed",84414
"Nigeria",2020-12-28,"confirmed",84811
"Nigeria",2020-12-29,"confirmed",85560
"Nigeria",2020-12-30,"confirmed",86576
"Nigeria",2020-12-31,"confirmed",87607
"Nigeria",2021-01-01,"confirmed",88587
"Nigeria",2021-01-02,"confirmed",89163
"Nigeria",2021-01-03,"confirmed",90080
"Nigeria",2021-01-04,"confirmed",91351
"Nigeria",2021-01-05,"confirmed",92705
"Nigeria",2021-01-06,"confirmed",94369
"Nigeria",2021-01-07,"confirmed",95934
"Nigeria",2021-01-08,"confirmed",97478
"Nigeria",2021-01-09,"confirmed",99063
"Nigeria",2021-01-10,"confirmed",100087
"Nigeria",2021-01-11,"confirmed",101331
"Nigeria",2021-01-12,"confirmed",102601
"Nigeria",2021-01-13,"confirmed",103999
"Nigeria",2021-01-14,"confirmed",105478
"Nigeria",2021-01-15,"confirmed",107345
"Nigeria",2021-01-16,"confirmed",108943
"Nigeria",2021-01-17,"confirmed",110387
"Nigeria",2021-01-18,"confirmed",112004
"Nigeria",2021-01-19,"confirmed",113305
"Nigeria",2021-01-20,"confirmed",114691
"Nigeria",2021-01-21,"confirmed",116655
"Nigeria",2021-01-22,"confirmed",118138
"Nigeria",2021-01-23,"confirmed",120602
"Nigeria",2021-01-24,"confirmed",121566
"Nigeria",2021-01-25,"confirmed",122996
"Nigeria",2021-01-26,"confirmed",124299
"Nigeria",2021-01-27,"confirmed",126160
"Nigeria",2021-01-28,"confirmed",127024
"Nigeria",2021-01-29,"confirmed",128674
"Nigeria",2021-01-30,"confirmed",130557
"Nigeria",2021-01-31,"confirmed",131242
"Nigeria",2021-02-01,"confirmed",131918
"Nigeria",2021-02-02,"confirmed",133552
"Nigeria",2021-02-03,"confirmed",134690
"Nigeria",2021-02-04,"confirmed",136030
"Nigeria",2021-02-05,"confirmed",137654
"Nigeria",2021-02-06,"confirmed",139242
"Nigeria",2021-02-07,"confirmed",139748
"Nigeria",2021-02-08,"confirmed",140391
"Nigeria",2021-02-09,"confirmed",141447
"Nigeria",2021-02-10,"confirmed",142578
"Nigeria",2021-02-11,"confirmed",143516
"Nigeria",2021-02-12,"confirmed",144521
"Nigeria",2021-02-13,"confirmed",145664
"Nigeria",2021-02-14,"confirmed",146184
"Nigeria",2021-02-15,"confirmed",146928
"Nigeria",2021-02-16,"confirmed",148296
"Nigeria",2021-02-17,"confirmed",149369
"Nigeria",2021-02-18,"confirmed",150246
"Nigeria",2021-02-19,"confirmed",150908
"Nigeria",2021-02-20,"confirmed",151553
"Nigeria",2021-02-21,"confirmed",152074
"Nigeria",2021-02-22,"confirmed",152616
"Nigeria",2021-02-23,"confirmed",153187
"Nigeria",2021-02-24,"confirmed",153842
"Nigeria",2021-02-25,"confirmed",154476
"Nigeria",2021-02-26,"confirmed",155076
"Nigeria",2021-02-27,"confirmed",155417
"Nigeria",2021-02-28,"confirmed",155657
"Nigeria",2021-03-01,"confirmed",156017
"Nigeria",2021-03-02,"confirmed",156496
"Nigeria",2021-03-03,"confirmed",156960
"Nigeria",2021-03-04,"confirmed",157671
"Nigeria",2021-03-05,"confirmed",158042
"Nigeria",2021-03-06,"confirmed",158237
"Nigeria",2021-03-07,"confirmed",158506
"Nigeria",2021-03-08,"confirmed",158906
"Nigeria",2021-03-09,"confirmed",159252
"Nigeria",2021-03-10,"confirmed",159646
"Nigeria",2021-03-11,"confirmed",159933
"Nigeria",2021-03-12,"confirmed",160332
"Nigeria",2021-03-13,"confirmed",160537
"Nigeria",2021-03-14,"confirmed",160657
"Nigeria",2021-03-15,"confirmed",160895
"Nigeria",2021-03-16,"confirmed",161074
"Nigeria",2021-03-17,"confirmed",161261
"Nigeria",2021-03-18,"confirmed",161409
"Nigeria",2021-03-19,"confirmed",161539
"Nigeria",2021-03-20,"confirmed",161651
"Nigeria",2021-03-21,"confirmed",161737
"Nigeria",2021-03-22,"confirmed",161868
"Nigeria",2021-03-23,"confirmed",162076
"Nigeria",2021-03-24,"confirmed",162178
"Nigeria",2021-03-25,"confirmed",162275
"Nigeria",2021-03-26,"confirmed",162388
"Nigeria",2021-03-27,"confirmed",162489
"Nigeria",2021-03-28,"confirmed",162593
"Nigeria",2021-03-29,"confirmed",162641
"Nigeria",2021-03-30,"confirmed",162762
"Nigeria",2021-03-31,"confirmed",162891
"Nigeria",2021-04-01,"confirmed",162997
"Nigeria",2021-04-02,"confirmed",163063
"Nigeria",2021-04-03,"confirmed",163113
"Nigeria",2021-04-04,"confirmed",163195
"Nigeria",2021-04-05,"confirmed",163330
"Nigeria",2021-04-06,"confirmed",163388
"Nigeria",2021-04-07,"confirmed",163498
"Nigeria",2021-04-08,"confirmed",163581
"Nigeria",2021-04-09,"confirmed",163652
"Nigeria",2021-04-10,"confirmed",163736
"Nigeria",2021-04-11,"confirmed",163799
"Nigeria",2021-04-12,"confirmed",163837
"Nigeria",2021-04-13,"confirmed",163911
"Nigeria",2021-04-14,"confirmed",164000
"Nigeria",2021-04-15,"confirmed",164080
"Nigeria",2021-04-16,"confirmed",164147
"Nigeria",2021-04-17,"confirmed",164207
"Nigeria",2021-04-18,"confirmed",164233
"Nigeria",2020-01-22,"death",0
"Nigeria",2020-01-23,"death",0
"Nigeria",2020-01-24,"death",0
"Nigeria",2020-01-25,"death",0
"Nigeria",2020-01-26,"death",0
"Nigeria",2020-01-27,"death",0
"Nigeria",2020-01-28,"death",0
"Nigeria",2020-01-29,"death",0
"Nigeria",2020-01-30,"death",0
"Nigeria",2020-01-31,"death",0
"Nigeria",2020-02-01,"death",0
"Nigeria",2020-02-02,"death",0
"Nigeria",2020-02-03,"death",0
"Nigeria",2020-02-04,"death",0
"Nigeria",2020-02-05,"death",0
"Nigeria",2020-02-06,"death",0
"Nigeria",2020-02-07,"death",0
"Nigeria",2020-02-08,"death",0
"Nigeria",2020-02-09,"death",0
"Nigeria",2020-02-10,"death",0
"Nigeria",2020-02-11,"death",0
"Nigeria",2020-02-12,"death",0
"Nigeria",2020-02-13,"death",0
"Nigeria",2020-02-14,"death",0
"Nigeria",2020-02-15,"death",0
"Nigeria",2020-02-16,"death",0
"Nigeria",2020-02-17,"death",0
"Nigeria",2020-02-18,"death",0
"Nigeria",2020-02-19,"death",0
"Nigeria",2020-02-20,"death",0
"Nigeria",2020-02-21,"death",0
"Nigeria",2020-02-22,"death",0
"Nigeria",2020-02-23,"death",0
"Nigeria",2020-02-24,"death",0
"Nigeria",2020-02-25,"death",0
"Nigeria",2020-02-26,"death",0
"Nigeria",2020-02-27,"death",0
"Nigeria",2020-02-28,"death",0
"Nigeria",2020-02-29,"death",0
"Nigeria",2020-03-01,"death",0
"Nigeria",2020-03-02,"death",0
"Nigeria",2020-03-03,"death",0
"Nigeria",2020-03-04,"death",0
"Nigeria",2020-03-05,"death",0
"Nigeria",2020-03-06,"death",0
"Nigeria",2020-03-07,"death",0
"Nigeria",2020-03-08,"death",0
"Nigeria",2020-03-09,"death",0
"Nigeria",2020-03-10,"death",0
"Nigeria",2020-03-11,"death",0
"Nigeria",2020-03-12,"death",0
"Nigeria",2020-03-13,"death",0
"Nigeria",2020-03-14,"death",0
"Nigeria",2020-03-15,"death",0
"Nigeria",2020-03-16,"death",0
"Nigeria",2020-03-17,"death",0
"Nigeria",2020-03-18,"death",0
"Nigeria",2020-03-19,"death",0
"Nigeria",2020-03-20,"death",0
"Nigeria",2020-03-21,"death",0
"Nigeria",2020-03-22,"death",0
"Nigeria",2020-03-23,"death",1
"Nigeria",2020-03-24,"death",1
"Nigeria",2020-03-25,"death",1
"Nigeria",2020-03-26,"death",1
"Nigeria",2020-03-27,"death",1
"Nigeria",2020-03-28,"death",1
"Nigeria",2020-03-29,"death",1
"Nigeria",2020-03-30,"death",2
"Nigeria",2020-03-31,"death",2
"Nigeria",2020-04-01,"death",2
"Nigeria",2020-04-02,"death",2
"Nigeria",2020-04-03,"death",4
"Nigeria",2020-04-04,"death",4
"Nigeria",2020-04-05,"death",5
"Nigeria",2020-04-06,"death",5
"Nigeria",2020-04-07,"death",6
"Nigeria",2020-04-08,"death",6
"Nigeria",2020-04-09,"death",7
"Nigeria",2020-04-10,"death",7
"Nigeria",2020-04-11,"death",10
"Nigeria",2020-04-12,"death",10
"Nigeria",2020-04-13,"death",10
"Nigeria",2020-04-14,"death",11
"Nigeria",2020-04-15,"death",12
"Nigeria",2020-04-16,"death",13
"Nigeria",2020-04-17,"death",17
"Nigeria",2020-04-18,"death",19
"Nigeria",2020-04-19,"death",21
"Nigeria",2020-04-20,"death",22
"Nigeria",2020-04-21,"death",22
"Nigeria",2020-04-22,"death",28
"Nigeria",2020-04-23,"death",31
"Nigeria",2020-04-24,"death",32
"Nigeria",2020-04-25,"death",35
"Nigeria",2020-04-26,"death",40
"Nigeria",2020-04-27,"death",40
"Nigeria",2020-04-28,"death",44
"Nigeria",2020-04-29,"death",51
"Nigeria",2020-04-30,"death",58
"Nigeria",2020-05-01,"death",68
"Nigeria",2020-05-02,"death",85
"Nigeria",2020-05-03,"death",87
"Nigeria",2020-05-04,"death",93
"Nigeria",2020-05-05,"death",98
"Nigeria",2020-05-06,"death",103
"Nigeria",2020-05-07,"death",107
"Nigeria",2020-05-08,"death",117
"Nigeria",2020-05-09,"death",128
"Nigeria",2020-05-10,"death",143
"Nigeria",2020-05-11,"death",150
"Nigeria",2020-05-12,"death",158
"Nigeria",2020-05-13,"death",164
"Nigeria",2020-05-14,"death",167
"Nigeria",2020-05-15,"death",171
"Nigeria",2020-05-16,"death",176
"Nigeria",2020-05-17,"death",182
"Nigeria",2020-05-18,"death",191
"Nigeria",2020-05-19,"death",192
"Nigeria",2020-05-20,"death",200
"Nigeria",2020-05-21,"death",211
"Nigeria",2020-05-22,"death",221
"Nigeria",2020-05-23,"death",221
"Nigeria",2020-05-24,"death",226
"Nigeria",2020-05-25,"death",233
"Nigeria",2020-05-26,"death",249
"Nigeria",2020-05-27,"death",254
"Nigeria",2020-05-28,"death",259
"Nigeria",2020-05-29,"death",261
"Nigeria",2020-05-30,"death",273
"Nigeria",2020-05-31,"death",287
"Nigeria",2020-06-01,"death",299
"Nigeria",2020-06-02,"death",314
"Nigeria",2020-06-03,"death",315
"Nigeria",2020-06-04,"death",323
"Nigeria",2020-06-05,"death",333
"Nigeria",2020-06-06,"death",342
"Nigeria",2020-06-07,"death",354
"Nigeria",2020-06-08,"death",361
"Nigeria",2020-06-09,"death",365
"Nigeria",2020-06-10,"death",382
"Nigeria",2020-06-11,"death",387
"Nigeria",2020-06-12,"death",399
"Nigeria",2020-06-13,"death",407
"Nigeria",2020-06-14,"death",420
"Nigeria",2020-06-15,"death",424
"Nigeria",2020-06-16,"death",455
"Nigeria",2020-06-17,"death",469
"Nigeria",2020-06-18,"death",475
"Nigeria",2020-06-19,"death",487
"Nigeria",2020-06-20,"death",506
"Nigeria",2020-06-21,"death",518
"Nigeria",2020-06-22,"death",525
"Nigeria",2020-06-23,"death",533
"Nigeria",2020-06-24,"death",542
"Nigeria",2020-06-25,"death",549
"Nigeria",2020-06-26,"death",554
"Nigeria",2020-06-27,"death",558
"Nigeria",2020-06-28,"death",565
"Nigeria",2020-06-29,"death",573
"Nigeria",2020-06-30,"death",590
"Nigeria",2020-07-01,"death",603
"Nigeria",2020-07-02,"death",616
"Nigeria",2020-07-03,"death",628
"Nigeria",2020-07-04,"death",634
"Nigeria",2020-07-05,"death",645
"Nigeria",2020-07-06,"death",654
"Nigeria",2020-07-07,"death",669
"Nigeria",2020-07-08,"death",684
"Nigeria",2020-07-09,"death",689
"Nigeria",2020-07-10,"death",709
"Nigeria",2020-07-11,"death",724
"Nigeria",2020-07-12,"death",740
"Nigeria",2020-07-13,"death",744
"Nigeria",2020-07-14,"death",754
"Nigeria",2020-07-15,"death",760
"Nigeria",2020-07-16,"death",769
"Nigeria",2020-07-17,"death",772
"Nigeria",2020-07-18,"death",778
"Nigeria",2020-07-19,"death",789
"Nigeria",2020-07-20,"death",801
"Nigeria",2020-07-21,"death",805
"Nigeria",2020-07-22,"death",813
"Nigeria",2020-07-23,"death",833
"Nigeria",2020-07-24,"death",845
"Nigeria",2020-07-25,"death",856
"Nigeria",2020-07-26,"death",858
"Nigeria",2020-07-27,"death",860
"Nigeria",2020-07-28,"death",868
"Nigeria",2020-07-29,"death",873
"Nigeria",2020-07-30,"death",878
"Nigeria",2020-07-31,"death",879
"Nigeria",2020-08-01,"death",883
"Nigeria",2020-08-02,"death",888
"Nigeria",2020-08-03,"death",896
"Nigeria",2020-08-04,"death",910
"Nigeria",2020-08-05,"death",927
"Nigeria",2020-08-06,"death",930
"Nigeria",2020-08-07,"death",936
"Nigeria",2020-08-08,"death",942
"Nigeria",2020-08-09,"death",945
"Nigeria",2020-08-10,"death",950
"Nigeria",2020-08-11,"death",956
"Nigeria",2020-08-12,"death",956
"Nigeria",2020-08-13,"death",966
"Nigeria",2020-08-14,"death",973
"Nigeria",2020-08-15,"death",974
"Nigeria",2020-08-16,"death",975
"Nigeria",2020-08-17,"death",977
"Nigeria",2020-08-18,"death",981
"Nigeria",2020-08-19,"death",985
"Nigeria",2020-08-20,"death",992
"Nigeria",2020-08-21,"death",996
"Nigeria",2020-08-22,"death",997
"Nigeria",2020-08-23,"death",1002
"Nigeria",2020-08-24,"death",1004
"Nigeria",2020-08-25,"death",1007
"Nigeria",2020-08-26,"death",1010
"Nigeria",2020-08-27,"death",1011
"Nigeria",2020-08-28,"death",1011
"Nigeria",2020-08-29,"death",1011
"Nigeria",2020-08-30,"death",1013
"Nigeria",2020-08-31,"death",1013
"Nigeria",2020-09-01,"death",1023
"Nigeria",2020-09-02,"death",1027
"Nigeria",2020-09-03,"death",1048
"Nigeria",2020-09-04,"death",1051
"Nigeria",2020-09-05,"death",1054
"Nigeria",2020-09-06,"death",1057
"Nigeria",2020-09-07,"death",1061
"Nigeria",2020-09-08,"death",1067
"Nigeria",2020-09-09,"death",1070
"Nigeria",2020-09-10,"death",1075
"Nigeria",2020-09-11,"death",1076
"Nigeria",2020-09-12,"death",1078
"Nigeria",2020-09-13,"death",1082
"Nigeria",2020-09-14,"death",1083
"Nigeria",2020-09-15,"death",1088
"Nigeria",2020-09-16,"death",1091
"Nigeria",2020-09-17,"death",1093
"Nigeria",2020-09-18,"death",1094
"Nigeria",2020-09-19,"death",1095
"Nigeria",2020-09-20,"death",1098
"Nigeria",2020-09-21,"death",1100
"Nigeria",2020-09-22,"death",1100
"Nigeria",2020-09-23,"death",1102
"Nigeria",2020-09-24,"death",1102
"Nigeria",2020-09-25,"death",1103
"Nigeria",2020-09-26,"death",1106
"Nigeria",2020-09-27,"death",1108
"Nigeria",2020-09-28,"death",1111
"Nigeria",2020-09-29,"death",1111
"Nigeria",2020-09-30,"death",1112
"Nigeria",2020-10-01,"death",1112
"Nigeria",2020-10-02,"death",1112
"Nigeria",2020-10-03,"death",1113
"Nigeria",2020-10-04,"death",1113
"Nigeria",2020-10-05,"death",1113
"Nigeria",2020-10-06,"death",1113
"Nigeria",2020-10-07,"death",1113
"Nigeria",2020-10-08,"death",1113
"Nigeria",2020-10-09,"death",1113
"Nigeria",2020-10-10,"death",1115
"Nigeria",2020-10-11,"death",1115
"Nigeria",2020-10-12,"death",1115
"Nigeria",2020-10-13,"death",1116
"Nigeria",2020-10-14,"death",1116
"Nigeria",2020-10-15,"death",1116
"Nigeria",2020-10-16,"death",1119
"Nigeria",2020-10-17,"death",1123
"Nigeria",2020-10-18,"death",1125
"Nigeria",2020-10-19,"death",1125
"Nigeria",2020-10-20,"death",1125
"Nigeria",2020-10-21,"death",1125
"Nigeria",2020-10-22,"death",1127
"Nigeria",2020-10-23,"death",1129
"Nigeria",2020-10-24,"death",1129
"Nigeria",2020-10-25,"death",1130
"Nigeria",2020-10-26,"death",1132
"Nigeria",2020-10-27,"death",1135
"Nigeria",2020-10-28,"death",1139
"Nigeria",2020-10-29,"death",1141
"Nigeria",2020-10-30,"death",1144
"Nigeria",2020-10-31,"death",1144
"Nigeria",2020-11-01,"death",1146
"Nigeria",2020-11-02,"death",1147
"Nigeria",2020-11-03,"death",1151
"Nigeria",2020-11-04,"death",1155
"Nigeria",2020-11-05,"death",1155
"Nigeria",2020-11-06,"death",1155
"Nigeria",2020-11-07,"death",1155
"Nigeria",2020-11-08,"death",1154
"Nigeria",2020-11-09,"death",1158
"Nigeria",2020-11-10,"death",1160
"Nigeria",2020-11-11,"death",1162
"Nigeria",2020-11-12,"death",1162
"Nigeria",2020-11-13,"death",1163
"Nigeria",2020-11-14,"death",1163
"Nigeria",2020-11-15,"death",1163
"Nigeria",2020-11-16,"death",1163
"Nigeria",2020-11-17,"death",1163
"Nigeria",2020-11-18,"death",1163
"Nigeria",2020-11-19,"death",1165
"Nigeria",2020-11-20,"death",1165
"Nigeria",2020-11-21,"death",1166
"Nigeria",2020-11-22,"death",1167
"Nigeria",2020-11-23,"death",1168
"Nigeria",2020-11-24,"death",1169
"Nigeria",2020-11-25,"death",1169
"Nigeria",2020-11-26,"death",1169
"Nigeria",2020-11-27,"death",1171
"Nigeria",2020-11-28,"death",1171
"Nigeria",2020-11-29,"death",1173
"Nigeria",2020-11-30,"death",1173
"Nigeria",2020-12-01,"death",1176
"Nigeria",2020-12-02,"death",1177
"Nigeria",2020-12-03,"death",1179
"Nigeria",2020-12-04,"death",1179
"Nigeria",2020-12-05,"death",1180
"Nigeria",2020-12-06,"death",1180
"Nigeria",2020-12-07,"death",1181
"Nigeria",2020-12-08,"death",1182
"Nigeria",2020-12-09,"death",1184
"Nigeria",2020-12-10,"death",1190
"Nigeria",2020-12-11,"death",1190
"Nigeria",2020-12-12,"death",1194
"Nigeria",2020-12-13,"death",1197
"Nigeria",2020-12-14,"death",1197
"Nigeria",2020-12-15,"death",1200
"Nigeria",2020-12-16,"death",1200
"Nigeria",2020-12-17,"death",1201
"Nigeria",2020-12-18,"death",1212
"Nigeria",2020-12-19,"death",1218
"Nigeria",2020-12-20,"death",1221
"Nigeria",2020-12-21,"death",1227
"Nigeria",2020-12-22,"death",1231
"Nigeria",2020-12-23,"death",1236
"Nigeria",2020-12-24,"death",1242
"Nigeria",2020-12-25,"death",1246
"Nigeria",2020-12-26,"death",1247
"Nigeria",2020-12-27,"death",1254
"Nigeria",2020-12-28,"death",1264
"Nigeria",2020-12-29,"death",1267
"Nigeria",2020-12-30,"death",1278
"Nigeria",2020-12-31,"death",1289
"Nigeria",2021-01-01,"death",1294
"Nigeria",2021-01-02,"death",1302
"Nigeria",2021-01-03,"death",1311
"Nigeria",2021-01-04,"death",1318
"Nigeria",2021-01-05,"death",1319
"Nigeria",2021-01-06,"death",1324
"Nigeria",2021-01-07,"death",1330
"Nigeria",2021-01-08,"death",1342
"Nigeria",2021-01-09,"death",1350
"Nigeria",2021-01-10,"death",1358
"Nigeria",2021-01-11,"death",1361
"Nigeria",2021-01-12,"death",1373
"Nigeria",2021-01-13,"death",1382
"Nigeria",2021-01-14,"death",1405
"Nigeria",2021-01-15,"death",1413
"Nigeria",2021-01-16,"death",1420
"Nigeria",2021-01-17,"death",1435
"Nigeria",2021-01-18,"death",1449
"Nigeria",2021-01-19,"death",1464
"Nigeria",2021-01-20,"death",1478
"Nigeria",2021-01-21,"death",1485
"Nigeria",2021-01-22,"death",1490
"Nigeria",2021-01-23,"death",1502
"Nigeria",2021-01-24,"death",1504
"Nigeria",2021-01-25,"death",1507
"Nigeria",2021-01-26,"death",1522
"Nigeria",2021-01-27,"death",1543
"Nigeria",2021-01-28,"death",1547
"Nigeria",2021-01-29,"death",1577
"Nigeria",2021-01-30,"death",1578
"Nigeria",2021-01-31,"death",1586
"Nigeria",2021-02-01,"death",1607
"Nigeria",2021-02-02,"death",1613
"Nigeria",2021-02-03,"death",1618
"Nigeria",2021-02-04,"death",1632
"Nigeria",2021-02-05,"death",1641
"Nigeria",2021-02-06,"death",1647
"Nigeria",2021-02-07,"death",1667
"Nigeria",2021-02-08,"death",1673
"Nigeria",2021-02-09,"death",1694
"Nigeria",2021-02-10,"death",1702
"Nigeria",2021-02-11,"death",1710
"Nigeria",2021-02-12,"death",1734
"Nigeria",2021-02-13,"death",1747
"Nigeria",2021-02-14,"death",1752
"Nigeria",2021-02-15,"death",1761
"Nigeria",2021-02-16,"death",1777
"Nigeria",2021-02-17,"death",1787
"Nigeria",2021-02-18,"death",1803
"Nigeria",2021-02-19,"death",1813
"Nigeria",2021-02-20,"death",1831
"Nigeria",2021-02-21,"death",1839
"Nigeria",2021-02-22,"death",1862
"Nigeria",2021-02-23,"death",1874
"Nigeria",2021-02-24,"death",1885
"Nigeria",2021-02-25,"death",1891
"Nigeria",2021-02-26,"death",1902
"Nigeria",2021-02-27,"death",1905
"Nigeria",2021-02-28,"death",1907
"Nigeria",2021-03-01,"death",1915
"Nigeria",2021-03-02,"death",1923
"Nigeria",2021-03-03,"death",1939
"Nigeria",2021-03-04,"death",1951
"Nigeria",2021-03-05,"death",1954
"Nigeria",2021-03-06,"death",1964
"Nigeria",2021-03-07,"death",1969
"Nigeria",2021-03-08,"death",1982
"Nigeria",2021-03-09,"death",1988
"Nigeria",2021-03-10,"death",1993
"Nigeria",2021-03-11,"death",2001
"Nigeria",2021-03-12,"death",2009
"Nigeria",2021-03-13,"death",2013
"Nigeria",2021-03-14,"death",2013
"Nigeria",2021-03-15,"death",2016
"Nigeria",2021-03-16,"death",2018
"Nigeria",2021-03-17,"death",2027
"Nigeria",2021-03-18,"death",2027
"Nigeria",2021-03-19,"death",2027
"Nigeria",2021-03-20,"death",2030
"Nigeria",2021-03-21,"death",2030
"Nigeria",2021-03-22,"death",2030
"Nigeria",2021-03-23,"death",2031
"Nigeria",2021-03-24,"death",2031
"Nigeria",2021-03-25,"death",2036
"Nigeria",2021-03-26,"death",2039
"Nigeria",2021-03-27,"death",2041
"Nigeria",2021-03-28,"death",2048
"Nigeria",2021-03-29,"death",2049
"Nigeria",2021-03-30,"death",2056
"Nigeria",2021-03-31,"death",2057
"Nigeria",2021-04-01,"death",2058
"Nigeria",2021-04-02,"death",2058
"Nigeria",2021-04-03,"death",2058
"Nigeria",2021-04-04,"death",2058
"Nigeria",2021-04-05,"death",2058
"Nigeria",2021-04-06,"death",2058
"Nigeria",2021-04-07,"death",2058
"Nigeria",2021-04-08,"death",2058
"Nigeria",2021-04-09,"death",2059
"Nigeria",2021-04-10,"death",2060
"Nigeria",2021-04-11,"death",2060
"Nigeria",2021-04-12,"death",2061
"Nigeria",2021-04-13,"death",2061
"Nigeria",2021-04-14,"death",2061
"Nigeria",2021-04-15,"death",2061
"Nigeria",2021-04-16,"death",2061
"Nigeria",2021-04-17,"death",2061
"Nigeria",2021-04-18,"death",2061
"Nigeria",2020-01-22,"recovered",0
"Nigeria",2020-01-23,"recovered",0
"Nigeria",2020-01-24,"recovered",0
"Nigeria",2020-01-25,"recovered",0
"Nigeria",2020-01-26,"recovered",0
"Nigeria",2020-01-27,"recovered",0
"Nigeria",2020-01-28,"recovered",0
"Nigeria",2020-01-29,"recovered",0
"Nigeria",2020-01-30,"recovered",0
"Nigeria",2020-01-31,"recovered",0
"Nigeria",2020-02-01,"recovered",0
"Nigeria",2020-02-02,"recovered",0
"Nigeria",2020-02-03,"recovered",0
"Nigeria",2020-02-04,"recovered",0
"Nigeria",2020-02-05,"recovered",0
"Nigeria",2020-02-06,"recovered",0
"Nigeria",2020-02-07,"recovered",0
"Nigeria",2020-02-08,"recovered",0
"Nigeria",2020-02-09,"recovered",0
"Nigeria",2020-02-10,"recovered",0
"Nigeria",2020-02-11,"recovered",0
"Nigeria",2020-02-12,"recovered",0
"Nigeria",2020-02-13,"recovered",0
"Nigeria",2020-02-14,"recovered",0
"Nigeria",2020-02-15,"recovered",0
"Nigeria",2020-02-16,"recovered",0
"Nigeria",2020-02-17,"recovered",0
"Nigeria",2020-02-18,"recovered",0
"Nigeria",2020-02-19,"recovered",0
"Nigeria",2020-02-20,"recovered",0
"Nigeria",2020-02-21,"recovered",0
"Nigeria",2020-02-22,"recovered",0
"Nigeria",2020-02-23,"recovered",0
"Nigeria",2020-02-24,"recovered",0
"Nigeria",2020-02-25,"recovered",0
"Nigeria",2020-02-26,"recovered",0
"Nigeria",2020-02-27,"recovered",0
"Nigeria",2020-02-28,"recovered",0
"Nigeria",2020-02-29,"recovered",0
"Nigeria",2020-03-01,"recovered",0
"Nigeria",2020-03-02,"recovered",0
"Nigeria",2020-03-03,"recovered",0
"Nigeria",2020-03-04,"recovered",0
"Nigeria",2020-03-05,"recovered",0
"Nigeria",2020-03-06,"recovered",0
"Nigeria",2020-03-07,"recovered",0
"Nigeria",2020-03-08,"recovered",0
"Nigeria",2020-03-09,"recovered",0
"Nigeria",2020-03-10,"recovered",0
"Nigeria",2020-03-11,"recovered",0
"Nigeria",2020-03-12,"recovered",0
"Nigeria",2020-03-13,"recovered",0
"Nigeria",2020-03-14,"recovered",0
"Nigeria",2020-03-15,"recovered",0
"Nigeria",2020-03-16,"recovered",0
"Nigeria",2020-03-17,"recovered",0
"Nigeria",2020-03-18,"recovered",1
"Nigeria",2020-03-19,"recovered",1
"Nigeria",2020-03-20,"recovered",1
"Nigeria",2020-03-21,"recovered",1
"Nigeria",2020-03-22,"recovered",2
"Nigeria",2020-03-23,"recovered",2
"Nigeria",2020-03-24,"recovered",2
"Nigeria",2020-03-25,"recovered",2
"Nigeria",2020-03-26,"recovered",2
"Nigeria",2020-03-27,"recovered",3
"Nigeria",2020-03-28,"recovered",3
"Nigeria",2020-03-29,"recovered",3
"Nigeria",2020-03-30,"recovered",8
"Nigeria",2020-03-31,"recovered",8
"Nigeria",2020-04-01,"recovered",9
"Nigeria",2020-04-02,"recovered",20
"Nigeria",2020-04-03,"recovered",25
"Nigeria",2020-04-04,"recovered",25
"Nigeria",2020-04-05,"recovered",33
"Nigeria",2020-04-06,"recovered",35
"Nigeria",2020-04-07,"recovered",44
"Nigeria",2020-04-08,"recovered",44
"Nigeria",2020-04-09,"recovered",51
"Nigeria",2020-04-10,"recovered",58
"Nigeria",2020-04-11,"recovered",70
"Nigeria",2020-04-12,"recovered",85
"Nigeria",2020-04-13,"recovered",91
"Nigeria",2020-04-14,"recovered",99
"Nigeria",2020-04-15,"recovered",128
"Nigeria",2020-04-16,"recovered",152
"Nigeria",2020-04-17,"recovered",159
"Nigeria",2020-04-18,"recovered",166
"Nigeria",2020-04-19,"recovered",170
"Nigeria",2020-04-20,"recovered",188
"Nigeria",2020-04-21,"recovered",188
"Nigeria",2020-04-22,"recovered",197
"Nigeria",2020-04-23,"recovered",197
"Nigeria",2020-04-24,"recovered",208
"Nigeria",2020-04-25,"recovered",222
"Nigeria",2020-04-26,"recovered",239
"Nigeria",2020-04-27,"recovered",255
"Nigeria",2020-04-28,"recovered",255
"Nigeria",2020-04-29,"recovered",307
"Nigeria",2020-04-30,"recovered",319
"Nigeria",2020-05-01,"recovered",351
"Nigeria",2020-05-02,"recovered",351
"Nigeria",2020-05-03,"recovered",400
"Nigeria",2020-05-04,"recovered",417
"Nigeria",2020-05-05,"recovered",481
"Nigeria",2020-05-06,"recovered",534
"Nigeria",2020-05-07,"recovered",601
"Nigeria",2020-05-08,"recovered",679
"Nigeria",2020-05-09,"recovered",745
"Nigeria",2020-05-10,"recovered",778
"Nigeria",2020-05-11,"recovered",902
"Nigeria",2020-05-12,"recovered",959
"Nigeria",2020-05-13,"recovered",1070
"Nigeria",2020-05-14,"recovered",1180
"Nigeria",2020-05-15,"recovered",1320
"Nigeria",2020-05-16,"recovered",1472
"Nigeria",2020-05-17,"recovered",1594
"Nigeria",2020-05-18,"recovered",1644
"Nigeria",2020-05-19,"recovered",1734
"Nigeria",2020-05-20,"recovered",1840
"Nigeria",2020-05-21,"recovered",1907
"Nigeria",2020-05-22,"recovered",2007
"Nigeria",2020-05-23,"recovered",2174
"Nigeria",2020-05-24,"recovered",2263
"Nigeria",2020-05-25,"recovered",2311
"Nigeria",2020-05-26,"recovered",2385
"Nigeria",2020-05-27,"recovered",2501
"Nigeria",2020-05-28,"recovered",2592
"Nigeria",2020-05-29,"recovered",2697
"Nigeria",2020-05-30,"recovered",2856
"Nigeria",2020-05-31,"recovered",3007
"Nigeria",2020-06-01,"recovered",3122
"Nigeria",2020-06-02,"recovered",3240
"Nigeria",2020-06-03,"recovered",3329
"Nigeria",2020-06-04,"recovered",3535
"Nigeria",2020-06-05,"recovered",3696
"Nigeria",2020-06-06,"recovered",3826
"Nigeria",2020-06-07,"recovered",3959
"Nigeria",2020-06-08,"recovered",4040
"Nigeria",2020-06-09,"recovered",4206
"Nigeria",2020-06-10,"recovered",4351
"Nigeria",2020-06-11,"recovered",4494
"Nigeria",2020-06-12,"recovered",4891
"Nigeria",2020-06-13,"recovered",5101
"Nigeria",2020-06-14,"recovered",5220
"Nigeria",2020-06-15,"recovered",5349
"Nigeria",2020-06-16,"recovered",5623
"Nigeria",2020-06-17,"recovered",5967
"Nigeria",2020-06-18,"recovered",6307
"Nigeria",2020-06-19,"recovered",6581
"Nigeria",2020-06-20,"recovered",6718
"Nigeria",2020-06-21,"recovered",6879
"Nigeria",2020-06-22,"recovered",7109
"Nigeria",2020-06-23,"recovered",7338
"Nigeria",2020-06-24,"recovered",7613
"Nigeria",2020-06-25,"recovered",7822
"Nigeria",2020-06-26,"recovered",8253
"Nigeria",2020-06-27,"recovered",8625
"Nigeria",2020-06-28,"recovered",9007
"Nigeria",2020-06-29,"recovered",9402
"Nigeria",2020-06-30,"recovered",9746
"Nigeria",2020-07-01,"recovered",10152
"Nigeria",2020-07-02,"recovered",10801
"Nigeria",2020-07-03,"recovered",11069
"Nigeria",2020-07-04,"recovered",11462
"Nigeria",2020-07-05,"recovered",11665
"Nigeria",2020-07-06,"recovered",11828
"Nigeria",2020-07-07,"recovered",12108
"Nigeria",2020-07-08,"recovered",12373
"Nigeria",2020-07-09,"recovered",12546
"Nigeria",2020-07-10,"recovered",12795
"Nigeria",2020-07-11,"recovered",13103
"Nigeria",2020-07-12,"recovered",13447
"Nigeria",2020-07-13,"recovered",13671
"Nigeria",2020-07-14,"recovered",13792
"Nigeria",2020-07-15,"recovered",13999
"Nigeria",2020-07-16,"recovered",14292
"Nigeria",2020-07-17,"recovered",14633
"Nigeria",2020-07-18,"recovered",14938
"Nigeria",2020-07-19,"recovered",15105
"Nigeria",2020-07-20,"recovered",15333
"Nigeria",2020-07-21,"recovered",15677
"Nigeria",2020-07-22,"recovered",15815
"Nigeria",2020-07-23,"recovered",16061
"Nigeria",2020-07-24,"recovered",16559
"Nigeria",2020-07-25,"recovered",16948
"Nigeria",2020-07-26,"recovered",17374
"Nigeria",2020-07-27,"recovered",18203
"Nigeria",2020-07-28,"recovered",18764
"Nigeria",2020-07-29,"recovered",19004
"Nigeria",2020-07-30,"recovered",19270
"Nigeria",2020-07-31,"recovered",19565
"Nigeria",2020-08-01,"recovered",20087
"Nigeria",2020-08-02,"recovered",20308
"Nigeria",2020-08-03,"recovered",20663
"Nigeria",2020-08-04,"recovered",31851
"Nigeria",2020-08-05,"recovered",32165
"Nigeria",2020-08-06,"recovered",32430
"Nigeria",2020-08-07,"recovered",32637
"Nigeria",2020-08-08,"recovered",33044
"Nigeria",2020-08-09,"recovered",33186
"Nigeria",2020-08-10,"recovered",33346
"Nigeria",2020-08-11,"recovered",33609
"Nigeria",2020-08-12,"recovered",33943
"Nigeria",2020-08-13,"recovered",34309
"Nigeria",2020-08-14,"recovered",35998
"Nigeria",2020-08-15,"recovered",36290
"Nigeria",2020-08-16,"recovered",36497
"Nigeria",2020-08-17,"recovered",36834
"Nigeria",2020-08-18,"recovered",37051
"Nigeria",2020-08-19,"recovered",37304
"Nigeria",2020-08-20,"recovered",37569
"Nigeria",2020-08-21,"recovered",37885
"Nigeria",2020-08-22,"recovered",38767
"Nigeria",2020-08-23,"recovered",38945
"Nigeria",2020-08-24,"recovered",39257
"Nigeria",2020-08-25,"recovered",39964
"Nigeria",2020-08-26,"recovered",40281
"Nigeria",2020-08-27,"recovered",40726
"Nigeria",2020-08-28,"recovered",41017
"Nigeria",2020-08-29,"recovered",41314
"Nigeria",2020-08-30,"recovered",41513
"Nigeria",2020-08-31,"recovered",41638
"Nigeria",2020-09-01,"recovered",42010
"Nigeria",2020-09-02,"recovered",42439
"Nigeria",2020-09-03,"recovered",42627
"Nigeria",2020-09-04,"recovered",42816
"Nigeria",2020-09-05,"recovered",42922
"Nigeria",2020-09-06,"recovered",43013
"Nigeria",2020-09-07,"recovered",43231
"Nigeria",2020-09-08,"recovered",43334
"Nigeria",2020-09-09,"recovered",43610
"Nigeria",2020-09-10,"recovered",43810
"Nigeria",2020-09-11,"recovered",43998
"Nigeria",2020-09-12,"recovered",44088
"Nigeria",2020-09-13,"recovered",44152
"Nigeria",2020-09-14,"recovered",44337
"Nigeria",2020-09-15,"recovered",44430
"Nigeria",2020-09-16,"recovered",47872
"Nigeria",2020-09-17,"recovered",48092
"Nigeria",2020-09-18,"recovered",48305
"Nigeria",2020-09-19,"recovered",48431
"Nigeria",2020-09-20,"recovered",48569
"Nigeria",2020-09-21,"recovered",48674
"Nigeria",2020-09-22,"recovered",48836
"Nigeria",2020-09-23,"recovered",48985
"Nigeria",2020-09-24,"recovered",49098
"Nigeria",2020-09-25,"recovered",49606
"Nigeria",2020-09-26,"recovered",49722
"Nigeria",2020-09-27,"recovered",49794
"Nigeria",2020-09-28,"recovered",49895
"Nigeria",2020-09-29,"recovered",49937
"Nigeria",2020-09-30,"recovered",50358
"Nigeria",2020-10-01,"recovered",50452
"Nigeria",2020-10-02,"recovered",50593
"Nigeria",2020-10-03,"recovered",50718
"Nigeria",2020-10-04,"recovered",50768
"Nigeria",2020-10-05,"recovered",50951
"Nigeria",2020-10-06,"recovered",51308
"Nigeria",2020-10-07,"recovered",51403
"Nigeria",2020-10-08,"recovered",51551
"Nigeria",2020-10-09,"recovered",51614
"Nigeria",2020-10-10,"recovered",51711
"Nigeria",2020-10-11,"recovered",51735
"Nigeria",2020-10-12,"recovered",51943
"Nigeria",2020-10-13,"recovered",52006
"Nigeria",2020-10-14,"recovered",52143
"Nigeria",2020-10-15,"recovered",52194
"Nigeria",2020-10-16,"recovered",52304
"Nigeria",2020-10-17,"recovered",56557
"Nigeria",2020-10-18,"recovered",56611
"Nigeria",2020-10-19,"recovered",56697
"Nigeria",2020-10-20,"recovered",56797
"Nigeria",2020-10-21,"recovered",56880
"Nigeria",2020-10-22,"recovered",56985
"Nigeria",2020-10-23,"recovered",57190
"Nigeria",2020-10-24,"recovered",57285
"Nigeria",2020-10-25,"recovered",57465
"Nigeria",2020-10-26,"recovered",57571
"Nigeria",2020-10-27,"recovered",57916
"Nigeria",2020-10-28,"recovered",58095
"Nigeria",2020-10-29,"recovered",58249
"Nigeria",2020-10-30,"recovered",58430
"Nigeria",2020-10-31,"recovered",58675
"Nigeria",2020-11-01,"recovered",58790
"Nigeria",2020-11-02,"recovered",59328
"Nigeria",2020-11-03,"recovered",59634
"Nigeria",2020-11-04,"recovered",59675
"Nigeria",2020-11-05,"recovered",59748
"Nigeria",2020-11-06,"recovered",59844
"Nigeria",2020-11-07,"recovered",59884
"Nigeria",2020-11-08,"recovered",59910
"Nigeria",2020-11-09,"recovered",60069
"Nigeria",2020-11-10,"recovered",60333
"Nigeria",2020-11-11,"recovered",60737
"Nigeria",2020-11-12,"recovered",60790
"Nigeria",2020-11-13,"recovered",60936
"Nigeria",2020-11-14,"recovered",61029
"Nigeria",2020-11-15,"recovered",61073
"Nigeria",2020-11-16,"recovered",61162
"Nigeria",2020-11-17,"recovered",61337
"Nigeria",2020-11-18,"recovered",61457
"Nigeria",2020-11-19,"recovered",61573
"Nigeria",2020-11-20,"recovered",61782
"Nigeria",2020-11-21,"recovered",61884
"Nigeria",2020-11-22,"recovered",62076
"Nigeria",2020-11-23,"recovered",62241
"Nigeria",2020-11-24,"recovered",62311
"Nigeria",2020-11-25,"recovered",62493
"Nigeria",2020-11-26,"recovered",62585
"Nigeria",2020-11-27,"recovered",62686
"Nigeria",2020-11-28,"recovered",62819
"Nigeria",2020-11-29,"recovered",63055
"Nigeria",2020-11-30,"recovered",63282
"Nigeria",2020-12-01,"recovered",63430
"Nigeria",2020-12-02,"recovered",63839
"Nigeria",2020-12-03,"recovered",64291
"Nigeria",2020-12-04,"recovered",64467
"Nigeria",2020-12-05,"recovered",64650
"Nigeria",2020-12-06,"recovered",64774
"Nigeria",2020-12-07,"recovered",64947
"Nigeria",2020-12-08,"recovered",65110
"Nigeria",2020-12-09,"recovered",65242
"Nigeria",2020-12-10,"recovered",65474
"Nigeria",2020-12-11,"recovered",65722
"Nigeria",2020-12-12,"recovered",65850
"Nigeria",2020-12-13,"recovered",66090
"Nigeria",2020-12-14,"recovered",66314
"Nigeria",2020-12-15,"recovered",66494
"Nigeria",2020-12-16,"recovered",66775
"Nigeria",2020-12-17,"recovered",67110
"Nigeria",2020-12-18,"recovered",67484
"Nigeria",2020-12-19,"recovered",67784
"Nigeria",2020-12-20,"recovered",68303
"Nigeria",2020-12-21,"recovered",68493
"Nigeria",2020-12-22,"recovered",68879
"Nigeria",2020-12-23,"recovered",69274
"Nigeria",2020-12-24,"recovered",69651
"Nigeria",2020-12-25,"recovered",70248
"Nigeria",2020-12-26,"recovered",70495
"Nigeria",2020-12-27,"recovered",71034
"Nigeria",2020-12-28,"recovered",71357
"Nigeria",2020-12-29,"recovered",71937
"Nigeria",2020-12-30,"recovered",73322
"Nigeria",2020-12-31,"recovered",73713
"Nigeria",2021-01-01,"recovered",74373
"Nigeria",2021-01-02,"recovered",74789
"Nigeria",2021-01-03,"recovered",75044
"Nigeria",2021-01-04,"recovered",75699
"Nigeria",2021-01-05,"recovered",76396
"Nigeria",2021-01-06,"recovered",77299
"Nigeria",2021-01-07,"recovered",77982
"Nigeria",2021-01-08,"recovered",78552
"Nigeria",2021-01-09,"recovered",79417
"Nigeria",2021-01-10,"recovered",80030
"Nigeria",2021-01-11,"recovered",80491
"Nigeria",2021-01-12,"recovered",81574
"Nigeria",2021-01-13,"recovered",82555
"Nigeria",2021-01-14,"recovered",83830
"Nigeria",2021-01-15,"recovered",84535
"Nigeria",2021-01-16,"recovered",85367
"Nigeria",2021-01-17,"recovered",89317
"Nigeria",2021-01-18,"recovered",89939
"Nigeria",2021-01-19,"recovered",91200
"Nigeria",2021-01-20,"recovered",92336
"Nigeria",2021-01-21,"recovered",93646
"Nigeria",2021-01-22,"recovered",94130
"Nigeria",2021-01-23,"recovered",95901
"Nigeria",2021-01-24,"recovered",97228
"Nigeria",2021-01-25,"recovered",98359
"Nigeria",2021-01-26,"recovered",99276
"Nigeria",2021-01-27,"recovered",100365
"Nigeria",2021-01-28,"recovered",100853
"Nigeria",2021-01-29,"recovered",102780
"Nigeria",2021-01-30,"recovered",103712
"Nigeria",2021-01-31,"recovered",104989
"Nigeria",2021-02-01,"recovered",106275
"Nigeria",2021-02-02,"recovered",107551
"Nigeria",2021-02-03,"recovered",108657
"Nigeria",2021-02-04,"recovered",110449
"Nigeria",2021-02-05,"recovered",111639
"Nigeria",2021-02-06,"recovered",112557
"Nigeria",2021-02-07,"recovered",113525
"Nigeria",2021-02-08,"recovered",114635
"Nigeria",2021-02-09,"recovered",115755
"Nigeria",2021-02-10,"recovered",116947
"Nigeria",2021-02-11,"recovered",118012
"Nigeria",2021-02-12,"recovered",118866
"Nigeria",2021-02-13,"recovered",120399
"Nigeria",2021-02-14,"recovered",120838
"Nigeria",2021-02-15,"recovered",123009
"Nigeria",2021-02-16,"recovered",124483
"Nigeria",2021-02-17,"recovered",125722
"Nigeria",2021-02-18,"recovered",126417
"Nigeria",2021-02-19,"recovered",127524
"Nigeria",2021-02-20,"recovered",128005
"Nigeria",2021-02-21,"recovered",128619
"Nigeria",2021-02-22,"recovered",129300
"Nigeria",2021-02-23,"recovered",129943
"Nigeria",2021-02-24,"recovered",130818
"Nigeria",2021-02-25,"recovered",131699
"Nigeria",2021-02-26,"recovered",132544
"Nigeria",2021-02-27,"recovered",133256
"Nigeria",2021-02-28,"recovered",133768
"Nigeria",2021-03-01,"recovered",133904
"Nigeria",2021-03-02,"recovered",134551
"Nigeria",2021-03-03,"recovered",135812
"Nigeria",2021-03-04,"recovered",136335
"Nigeria",2021-03-05,"recovered",137025
"Nigeria",2021-03-06,"recovered",137645
"Nigeria",2021-03-07,"recovered",137890
"Nigeria",2021-03-08,"recovered",138502
"Nigeria",2021-03-09,"recovered",139056
"Nigeria",2021-03-10,"recovered",139983
"Nigeria",2021-03-11,"recovered",142404
"Nigeria",2021-03-12,"recovered",144059
"Nigeria",2021-03-13,"recovered",144714
"Nigeria",2021-03-14,"recovered",145399
"Nigeria",2021-03-15,"recovered",145752
"Nigeria",2021-03-16,"recovered",146072
"Nigeria",2021-03-17,"recovered",146395
"Nigeria",2021-03-18,"recovered",146890
"Nigeria",2021-03-19,"recovered",147581
"Nigeria",2021-03-20,"recovered",147775
"Nigeria",2021-03-21,"recovered",147899
"Nigeria",2021-03-22,"recovered",148125
"Nigeria",2021-03-23,"recovered",148530
"Nigeria",2021-03-24,"recovered",148726
"Nigeria",2021-03-25,"recovered",149882
"Nigeria",2021-03-26,"recovered",149986
"Nigeria",2021-03-27,"recovered",150205
"Nigeria",2021-03-28,"recovered",150308
"Nigeria",2021-03-29,"recovered",150466
"Nigeria",2021-03-30,"recovered",151532
"Nigeria",2021-03-31,"recovered",151648
"Nigeria",2021-04-01,"recovered",151708
"Nigeria",2021-04-02,"recovered",151835
"Nigeria",2021-04-03,"recovered",151853
"Nigeria",2021-04-04,"recovered",151998
"Nigeria",2021-04-05,"recovered",152045
"Nigeria",2021-04-06,"recovered",153630
"Nigeria",2021-04-07,"recovered",153788
"Nigeria",2021-04-08,"recovered",154005
"Nigeria",2021-04-09,"recovered",154073
"Nigeria",2021-04-10,"recovered",154098
"Nigeria",2021-04-11,"recovered",154107
"Nigeria",2021-04-12,"recovered",154177
"Nigeria",2021-04-13,"recovered",154225
"Nigeria",2021-04-14,"recovered",154270
"Nigeria",2021-04-15,"recovered",154285
"Nigeria",2021-04-16,"recovered",154304
"Nigeria",2021-04-17,"recovered",154325
"Nigeria",2021-04-18,"recovered",154332
